{
  "images" : [
    {
      "scale" : "1x",
      "idiom" : "universal",
      "filename" : "mainCellBackground.png",
      "resizing" : {
        "mode" : "9-part",
        "center" : {
          "mode" : "fill",
          "width" : 1,
          "height" : 1
        },
        "capInsets" : {
          "left" : 24,
          "top" : 2,
          "right" : 25,
          "bottom" : 2
        }
      }
    },
    {
      "scale" : "2x",
      "idiom" : "universal",
      "filename" : "mainCellBackground@2x.png",
      "resizing" : {
        "mode" : "9-part",
        "center" : {
          "mode" : "fill",
          "width" : 1,
          "height" : 1
        },
        "capInsets" : {
          "left" : 2,
          "top" : 2,
          "right" : 2,
          "bottom" : 2
        }
      }
    },
    {
      "resizing" : {
        "mode" : "9-part",
        "center" : {
          "mode" : "fill",
          "width" : 2,
          "height" : 2
        },
        "capInsets" : {
          "bottom" : 2,
          "top" : 2,
          "left" : 2,
          "right" : 2
        }
      },
      "idiom" : "universal",
      "filename" : "mainCellBackground@3x.png",
      "scale" : "3x"
    }
  ],
  "info" : {
    "version" : 1,
    "author" : "xcode"
  }
}